{
	"system" : {
		"platform" : "windows64",
		"os_name" : "Windows 10",
		"os_version" : "10.0"
	},
	"error" : {
		"executable" : "quartus",
		"comment" : "not_applicable",
		"error_message" : "Access Violation at 0X000000006BB24422",
		"source_file" : "unknown",
		"line" : "0",
		"stack_trace" : "\t 0x6bb24421: QtGui4 + 0x3a4421 (??_FQMdiArea@@QEAAXXZ + 0x631)\n\t 0x6bb26174: QtGui4 + 0x3a6174 (?eventFilter@QMdiArea@@MEAA_NPEAVQObject@@PEAVQEvent@@@Z + 0xb4)\n\t 0x6b5a0492: QtCore4 + 0x110492 (?sendThroughApplicationEventFilters@QCoreApplicationPrivate@@QEAA_NPEAVQObject@@PEAVQEvent@@@Z + 0x92)\n\t 0x6b7a2ebd: QtGui4 + 0x22ebd (?notify_helper@QApplicationPrivate@@QEAA_NPEAVQObject@@PEAVQEvent@@@Z + 0x1d)\n\t 0x6b7a2c2f: QtGui4 + 0x22c2f (?notify@QApplication@@UEAA_NPEAVQObject@@PEAVQEvent@@@Z + 0x17bf)\n\t 0x6b59e67b: QtCore4 + 0x10e67b (?notifyInternal@QCoreApplication@@AEAA_NPEAVQObject@@PEAVQEvent@@@Z + 0x7b)\n\t 0x6b7a6488: QtGui4 + 0x26488 (?setActiveWindow@QApplication@@SAXPEAVQWidget@@@Z + 0x278)\n\t 0x6b807b41: QtGui4 + 0x87b41 (?winFocus@QApplication@@QEAAXPEAVQWidget@@_N@Z + 0x31)\n\t 0x6b80890f: QtGui4 + 0x8890f (?winMouseButtonUp@QApplication@@SAXXZ + 0xd0f)\n\t0x7ffd23ece857: USER32 + 0xe857 (CallWindowProcW + 0x3f7)\n\t0x7ffd23ece3db: USER32 + 0xe3db (DispatchMessageW + 0x39b)\n\t0x7ffd23ee0bc2: USER32 + 0x20bc2 (SendMessageTimeoutW + 0x142)\n\t0x7ffd25270453: ntdll + 0xa0453 (KiUserCallbackDispatcher + 0x23)\n\t0x7ffd229c1063: win32u + 0x1063 (NtUserPeekMessage + 0x13)\n\t0x7ffd23eca5c2: USER32 + 0xa5c2 (PeekMessageW + 0x1e2)\n\t0x7ffd23eca522: USER32 + 0xa522 (PeekMessageW + 0x142)\n\t 0x6b5c37e3: QtCore4 + 0x1337e3 (?processEvents@QEventDispatcherWin32@@UEAA_NV?$QFlags@W4ProcessEventsFlag@QEventLoop@@@@@Z + 0x243)\n\t 0x6b802074: QtGui4 + 0x82074 (?openPopup@QApplicationPrivate@@QEAAXPEAVQWidget@@@Z + 0x204)\n\t 0x6b59b5db: QtCore4 + 0x10b5db (?exec@QEventLoop@@QEAAHV?$QFlags@W4ProcessEventsFlag@QEventLoop@@@@@Z + 0x22b)\n\t 0x6bba6920: QtGui4 + 0x426920 (?exec@QDialog@@QEAAHXZ + 0xf0)\n\t0x7ffcd954eaf7: GCL_AFCQ + 0x9eaf7 (?internal_error_display@AFCQ_MSG_DISPLAY@@UEAAXV?$basic_string@DU?$char_traits@D@std@@V?$allocator@D@2@@std@@@Z + 0x277)\n\t0x7ffd050fd931: CCL_MSG + 0x1d931 (?internal_error@MSG_REPORT@@UEAAXAEBV?$basic_string@DU?$char_traits@D@std@@V?$allocator@D@2@@std@@@Z + 0xf1)\n\t0x7ffd051182f7: CCL_MSG + 0x382f7 (?finalize@MSG_ERROR_INFO@@QEAAXXZ + 0x97)\n\t0x7ffd05118d8f: CCL_MSG + 0x38d8f (?report_fatal@MSG_INTERNAL_ERROR@@SAXPEBDPEAX@Z + 0x6f)\n\t0x7ffd04f7451e: CCL_ERR + 0x451e (?err_report_fatal_exception@@YAXPEBDPEAX@Z + 0x7e)\n\t0x7ffd04f74399: CCL_ERR + 0x4399 (?err_handle_fatal_exception@@YAJPEAU_EXCEPTION_POINTERS@@@Z + 0xb9)\n\t0x7ffd22f5c246: KERNELBASE + 0x10c246 (UnhandledExceptionFilter + 0x1e6)\n\t0x7ffd2529f327: ntdll + 0xcf327 (LdrResolveDelayLoadsFromDll + 0xb37)\n\t0x7ffd252703bf: ntdll + 0xa03bf (KiUserApcDispatcher + 0x9f)\n\t0x7ffd2527197e: ntdll + 0xa197e (__chkstk + 0x11e)\n\t0x7ffd2521b753: ntdll + 0x4b753 (RtlRaiseException + 0x433)\n\t0x7ffd252704ad: ntdll + 0xa04ad (KiUserExceptionDispatcher + 0x2d)\n\t 0x6bb24421: QtGui4 + 0x3a4421 (??_FQMdiArea@@QEAAXXZ + 0x631)\n\t 0x6bb26174: QtGui4 + 0x3a6174 (?eventFilter@QMdiArea@@MEAA_NPEAVQObject@@PEAVQEvent@@@Z + 0xb4)\n\t 0x6b5a0492: QtCore4 + 0x110492 (?sendThroughApplicationEventFilters@QCoreApplicationPrivate@@QEAA_NPEAVQObject@@PEAVQEvent@@@Z + 0x92)\n\t 0x6b7a2ebd: QtGui4 + 0x22ebd (?notify_helper@QApplicationPrivate@@QEAA_NPEAVQObject@@PEAVQEvent@@@Z + 0x1d)\n\t 0x6b7a2c2f: QtGui4 + 0x22c2f (?notify@QApplication@@UEAA_NPEAVQObject@@PEAVQEvent@@@Z + 0x17bf)\n\t 0x6b59e67b: QtCore4 + 0x10e67b (?notifyInternal@QCoreApplication@@AEAA_NPEAVQObject@@PEAVQEvent@@@Z + 0x7b)\n\t 0x6b7a6488: QtGui4 + 0x26488 (?setActiveWindow@QApplication@@SAXPEAVQWidget@@@Z + 0x278)\n\t 0x6b807b41: QtGui4 + 0x87b41 (?winFocus@QApplication@@QEAAXPEAVQWidget@@_N@Z + 0x31)\n\t 0x6b80890f: QtGui4 + 0x8890f (?winMouseButtonUp@QApplication@@SAXXZ + 0xd0f)\n\t0x7ffd23ece857: USER32 + 0xe857 (CallWindowProcW + 0x3f7)\n\t0x7ffd23ece3db: USER32 + 0xe3db (DispatchMessageW + 0x39b)\n\t0x7ffd23ee0bc2: USER32 + 0x20bc2 (SendMessageTimeoutW + 0x142)\n\t0x7ffd25270453: ntdll + 0xa0453 (KiUserCallbackDispatcher + 0x23)\n\t0x7ffd229c1063: win32u + 0x1063 (NtUserPeekMessage + 0x13)\n\t0x7ffd23eca5c2: USER32 + 0xa5c2 (PeekMessageW + 0x1e2)\n\t0x7ffd23eca522: USER32 + 0xa522 (PeekMessageW + 0x142)\n\t 0x6b5c37e3: QtCore4 + 0x1337e3 (?processEvents@QEventDispatcherWin32@@UEAA_NV?$QFlags@W4ProcessEventsFlag@QEventLoop@@@@@Z + 0x243)\n\t 0x6b802074: QtGui4 + 0x82074 (?openPopup@QApplicationPrivate@@QEAAXPEAVQWidget@@@Z + 0x204)\n\t 0x6b59b5db: QtCore4 + 0x10b5db (?exec@QEventLoop@@QEAAHV?$QFlags@W4ProcessEventsFlag@QEventLoop@@@@@Z + 0x22b)\n\t 0x6bba6920: QtGui4 + 0x426920 (?exec@QDialog@@QEAAHXZ + 0xf0)\n\t0x7ffcd954eaf7: GCL_AFCQ + 0x9eaf7 (?internal_error_display@AFCQ_MSG_DISPLAY@@UEAAXV?$basic_string@DU?$char_traits@D@std@@V?$allocator@D@2@@std@@@Z + 0x277)\n\t0x7ffd050fd931: CCL_MSG + 0x1d931 (?internal_error@MSG_REPORT@@UEAAXAEBV?$basic_string@DU?$char_traits@D@std@@V?$allocator@D@2@@std@@@Z + 0xf1)\n\t0x7ffd051182f7: CCL_MSG + 0x382f7 (?finalize@MSG_ERROR_INFO@@QEAAXXZ + 0x97)\n\t0x7ffd05118d8f: CCL_MSG + 0x38d8f (?report_fatal@MSG_INTERNAL_ERROR@@SAXPEBDPEAX@Z + 0x6f)\n\t0x7ffd04f7451e: CCL_ERR + 0x451e (?err_report_fatal_exception@@YAXPEBDPEAX@Z + 0x7e)\n\t0x7ffd04f74399: CCL_ERR + 0x4399 (?err_handle_fatal_exception@@YAJPEAU_EXCEPTION_POINTERS@@@Z + 0xb9)\n\t0x7ffd22f5c246: KERNELBASE + 0x10c246 (UnhandledExceptionFilter + 0x1e6)\n\t0x7ffd2529f327: ntdll + 0xcf327 (LdrResolveDelayLoadsFromDll + 0xb37)\n\t0x7ffd252703bf: ntdll + 0xa03bf (KiUserApcDispatcher + 0x9f)\n\t0x7ffd2527197e: ntdll + 0xa197e (__chkstk + 0x11e)\n\t0x7ffd2521b753: ntdll + 0x4b753 (RtlRaiseException + 0x433)\n\t0x7ffd252704ad: ntdll + 0xa04ad (KiUserExceptionDispatcher + 0x2d)\n\t 0x6bb2b328: QtGui4 + 0x3ab328 (?showEvent@QMdiArea@@MEAAXPEAVQShowEvent@@@Z + 0x378)\n\t 0x6b7e2312: QtGui4 + 0x62312 (?event@QWidget@@MEAA_NPEAVQEvent@@@Z + 0x622)\n\t 0x6bb054e6: QtGui4 + 0x3854e6 (?event@QFrame@@MEAA_NPEAVQEvent@@@Z + 0x36)\n\t 0x6bb76487: QtGui4 + 0x3f6487 (?event@QAbstractScrollArea@@MEAA_NPEAVQEvent@@@Z + 0x257)\n\t 0x6bb2601f: QtGui4 + 0x3a601f (?event@QMdiArea@@MEAA_NPEAVQEvent@@@Z + 0x41f)\n\t 0x6b7a2f95: QtGui4 + 0x22f95 (?notify_helper@QApplicationPrivate@@QEAA_NPEAVQObject@@PEAVQEvent@@@Z + 0xf5)\n\t 0x6b7a2c2f: QtGui4 + 0x22c2f (?notify@QApplication@@UEAA_NPEAVQObject@@PEAVQEvent@@@Z + 0x17bf)\n\t 0x6b59e67b: QtCore4 + 0x10e67b (?notifyInternal@QCoreApplication@@AEAA_NPEAVQObject@@PEAVQEvent@@@Z + 0x7b)\n\t 0x6b7f1a42: QtGui4 + 0x71a42 (?showChildren@QWidgetPrivate@@QEAAX_N@Z + 0xd2)\n\t 0x6b805845: QtGui4 + 0x85845 (?trUtf8@QScrollBar@@SA?AVQString@@PEBD0H@Z + 0x2d5)\n\t 0x6b8087f4: QtGui4 + 0x887f4 (?winMouseButtonUp@QApplication@@SAXXZ + 0xbf4)\n\t0x7ffd23ece857: USER32 + 0xe857 (CallWindowProcW + 0x3f7)\n\t0x7ffd23ecde1a: USER32 + 0xde1a (SendMessageW + 0x86a)\n\t0x7ffd23eccbc2: USER32 + 0xcbc2 (GetWindowTextW + 0x8d2)\n\t0x7ffd23ecc2ae: USER32 + 0xc2ae (IsIconic + 0xbe)\n\t0x7ffd1fa3b8d8: uxtheme + 0xb8d8 (IsCompositionActive + 0x2038)\n\t0x7ffd1fa3b2c0: uxtheme + 0xb2c0 (IsCompositionActive + 0x1a20)\n\t0x7ffd23ecc7e2: USER32 + 0xc7e2 (GetWindowTextW + 0x4f2)\n\t 0x6bc7f0f7: QtGui4 + 0x4ff0f7 (?widgetDestroyed@QInputContext@@UEAAXPEAVQWidget@@@Z + 0x307)\n\t 0x6b808bc5: QtGui4 + 0x88bc5 (?winMouseButtonUp@QApplication@@SAXXZ + 0xfc5)\n\t0x7ffd23ece857: USER32 + 0xe857 (CallWindowProcW + 0x3f7)\n\t0x7ffd23ece3db: USER32 + 0xe3db (DispatchMessageW + 0x39b)\n\t0x7ffd23ee5bff: USER32 + 0x25bff (LookupIconIdFromDirectoryEx + 0x2af)\n\t0x7ffd25270453: ntdll + 0xa0453 (KiUserCallbackDispatcher + 0x23)\n\t0x7ffd229c1063: win32u + 0x1063 (NtUserPeekMessage + 0x13)\n\t0x7ffd23eca5c2: USER32 + 0xa5c2 (PeekMessageW + 0x1e2)\n\t0x7ffd23eca522: USER32 + 0xa522 (PeekMessageW + 0x142)\n\t 0x6b5c37e3: QtCore4 + 0x1337e3 (?processEvents@QEventDispatcherWin32@@UEAA_NV?$QFlags@W4ProcessEventsFlag@QEventLoop@@@@@Z + 0x243)\n\t 0x6b802074: QtGui4 + 0x82074 (?openPopup@QApplicationPrivate@@QEAAXPEAVQWidget@@@Z + 0x204)\n\t 0x6b59b5db: QtCore4 + 0x10b5db (?exec@QEventLoop@@QEAAHV?$QFlags@W4ProcessEventsFlag@QEventLoop@@@@@Z + 0x22b)\n\t 0x6bba6920: QtGui4 + 0x426920 (?exec@QDialog@@QEAAHXZ + 0xf0)\n\t0x7ffcd954eaf7: GCL_AFCQ + 0x9eaf7 (?internal_error_display@AFCQ_MSG_DISPLAY@@UEAAXV?$basic_string@",
		"subsystem" : "unknown"
	},
	"quartus" : {
		"quartus_bits" : "64",
		"version" : "20.1.1",
		"build" : "720",
		"edition" : "Lite Edition"
	}
}